PO_ID,VendorID,PO_Date,Department_PO,PO_Amount_INR,RaisedBy,ApprovedBy,Missing_Vendor_Flag,Missing_Approver_Flag,Invalid_PO_Amount_Flag,Invalid_Vendor_Flag,EmployeeID,EmployeeName,Department_Employee,Role,ApprovalLimit_INR,PO_Approval_Limit_Breach_Flag,PO_Limit_Utilization
PO00001,V0056,2024-12-12,Finance,34900,EMP0062,EMP0004,0,0,0,0,EMP0004,Sameer Chauhan,Admin,Manager,500000,0,0.0698
PO00002,V0031,2024-05-02,Production,21700,EMP0036,EMP0055,0,0,0,0,EMP0055,Manoj Patel,Quality,Manager,500000,0,0.0434
PO00003,V0105,2024-10-14,Quality,43400,EMP0054,EMP0035,0,0,0,0,EMP0035,Anil Rao,Maintenance,VP,10000000,0,0.00434
PO00004,V0028,2024-07-12,Admin,93800,EMP0032,EMP0035,0,0,0,0,EMP0035,Anil Rao,Maintenance,VP,10000000,0,0.00938
PO00005,V0098,2025-02-17,Admin,9200,EMP0003,EMP0009,0,0,0,0,EMP0009,Sameer Gupta,Sales,Manager,500000,0,0.0184
PO00006,V0098,2024-10-13,HR,84400,EMP0062,EMP0009,0,0,0,0,EMP0009,Sameer Gupta,Sales,Manager,500000,0,0.1688
PO00007,V0092,2025-01-04,Logistics,34300,EMP0045,EMP0009,0,0,0,0,EMP0009,Sameer Gupta,Sales,Manager,500000,0,0.0686
PO00008,V0015,2025-01-15,Admin,62200,EMP0042,EMP0008,0,0,0,0,EMP0008,Vikram Nair,Production,Senior Manager,1500000,0,0.041466666666666666
PO00009,V0084,2024-10-16,IT,137600,EMP0024,EMP0008,0,0,0,0,EMP0008,Vikram Nair,Production,Senior Manager,1500000,0,0.09173333333333333
PO00010,V0007,2024-04-14,HR,11100,EMP0029,EMP0031,0,0,0,0,EMP0031,Anjali Singh,Logistics,Manager,500000,0,0.0222
PO00011,V0083,2024-04-16,IT,150500,EMP0008,EMP0004,0,0,0,0,EMP0004,Sameer Chauhan,Admin,Manager,500000,0,0.301
PO00012,V0043,2024-11-28,Admin,181800,EMP0046,EMP0021,0,0,0,0,EMP0021,Ajay Sharma,Admin,Manager,500000,0,0.3636
PO00013,V0102,2025-01-25,Maintenance,13400,EMP0021,EMP0009,0,0,0,0,EMP0009,Sameer Gupta,Sales,Manager,500000,0,0.0268
PO00014,V0082,2024-05-22,Maintenance,156500,EMP0031,EMP0012,0,0,0,0,EMP0012,Arjun Mehta,Production,VP,10000000,0,0.01565
PO00015,V0045,2024-08-15,Admin,30900,EMP0008,EMP0010,0,0,0,0,EMP0010,Suresh Singh,IT,Manager,500000,0,0.0618
PO00016,V0094,2024-07-22,Sales,16600,EMP0050,EMP0049,0,0,0,0,EMP0049,Deepak Malhotra,HR,Manager,500000,0,0.0332
PO00017,V0027,2024-09-29,Quality,66300,EMP0023,EMP0003,0,0,0,0,EMP0003,Amit Reddy,Procurement,Manager,500000,0,0.1326
PO00018,V0109,2024-07-31,Sales,26200,EMP0041,EMP0012,0,0,0,0,EMP0012,Arjun Mehta,Production,VP,10000000,0,0.00262
PO00019,V0107,2025-03-24,HR,151200,EMP0004,EMP0049,0,0,0,0,EMP0049,Deepak Malhotra,HR,Manager,500000,0,0.3024
PO00020,V0081,2025-03-27,HR,107400,EMP0019,EMP0036,0,0,0,0,EMP0036,Sanjay Chauhan,Maintenance,Senior Manager,1500000,0,0.0716
PO00021,V0085,2025-01-14,Maintenance,54900,EMP0064,EMP0003,0,0,0,0,EMP0003,Amit Reddy,Procurement,Manager,500000,0,0.1098
PO00022,V0037,2025-01-03,IT,11600,EMP0023,EMP0004,0,0,0,0,EMP0004,Sameer Chauhan,Admin,Manager,500000,0,0.0232
PO00023,V0027,2024-12-08,Procurement,26300,EMP0012,EMP0003,0,0,0,0,EMP0003,Amit Reddy,Procurement,Manager,500000,0,0.0526
PO00024,V0042,2024-04-29,Maintenance,10400,EMP0029,EMP0036,0,0,0,0,EMP0036,Sanjay Chauhan,Maintenance,Senior Manager,1500000,0,0.006933333333333333
PO00025,V0114,2024-04-11,Admin,374500,EMP0062,EMP0051,0,0,0,0,EMP0051,Vikram Patel,Sales,VP,10000000,0,0.03745
PO00026,V0030,2024-04-01,HR,53400,EMP0026,EMP0009,0,0,0,0,EMP0009,Sameer Gupta,Sales,Manager,500000,0,0.1068
PO00027,V0126,2024-06-06,HR,72400,EMP0023,EMP0009,0,0,0,0,EMP0009,Sameer Gupta,Sales,Manager,500000,0,0.1448
PO00028,V0103,2024-09-13,Procurement,44200,EMP0003,EMP0008,0,0,0,0,EMP0008,Vikram Nair,Production,Senior Manager,1500000,0,0.029466666666666665
PO00029,V0042,2024-06-15,Sales,59300,EMP0019,EMP0036,0,0,0,0,EMP0036,Sanjay Chauhan,Maintenance,Senior Manager,1500000,0,0.03953333333333333
PO00030,V0002,2024-05-27,Admin,25300,EMP0047,EMP0026,0,0,0,0,EMP0026,Priya Rao,Procurement,Senior Manager,1500000,0,0.016866666666666665
PO00031,V0008,2024-05-08,HR,55900,EMP0051,EMP0031,0,0,0,0,EMP0031,Anjali Singh,Logistics,Manager,500000,0,0.1118
PO00032,V0085,2025-01-26,Production,20000,EMP0044,EMP0003,0,0,0,0,EMP0003,Amit Reddy,Procurement,Manager,500000,0,0.04
PO00033,V0101,2024-09-02,HR,49200,EMP0018,EMP0013,0,0,0,0,EMP0013,Kavita Iyer,Quality,Senior Manager,1500000,0,0.0328
PO00034,V0020,2024-06-20,Finance,3300,EMP0063,EMP0046,0,0,0,0,EMP0046,Nikhil Gupta,Quality,Manager,500000,0,0.0066
PO00035,V0099,2025-02-27,HR,56200,EMP0023,EMP0046,0,0,0,0,EMP0046,Nikhil Gupta,Quality,Manager,500000,0,0.1124
PO00036,V0024,2025-03-29,Admin,156700,EMP0046,EMP0002,0,0,0,0,EMP0002,Varun Gupta,Production,AVP,3000000,0,0.05223333333333333
PO00037,V0006,2024-07-24,Sales,80300,EMP0023,EMP0054,0,0,0,0,EMP0054,Deepak Singh,Production,AVP,3000000,0,0.026766666666666668
PO00038,V0115,2024-10-11,IT,7700,EMP0038,EMP0035,0,0,0,0,EMP0035,Anil Rao,Maintenance,VP,10000000,0,0.00077
PO00039,V0068,2024-06-05,Quality,26700,EMP0001,EMP0003,0,0,0,0,EMP0003,Amit Reddy,Procurement,Manager,500000,0,0.0534
PO00040,V0106,2025-03-26,Sales,19600,EMP0051,EMP0049,0,0,0,0,EMP0049,Deepak Malhotra,HR,Manager,500000,0,0.0392
PO00041,V0009,2025-01-16,Procurement,69800,EMP0024,EMP0034,0,0,0,0,EMP0034,Ravi Reddy,HR,AVP,3000000,0,0.023266666666666668
PO00042,V0029,2025-02-03,HR,38000,EMP0029,EMP0056,0,0,0,0,EMP0056,Pooja Iyer,IT,AVP,3000000,0,0.012666666666666666
PO00043,V0102,2025-02-22,Sales,29100,EMP0014,EMP0009,0,0,0,0,EMP0009,Sameer Gupta,Sales,Manager,500000,0,0.0582
PO00044,V0122,2024-12-11,Quality,37400,EMP0043,EMP0018,0,0,0,0,EMP0018,Neha Reddy,Sales,Manager,500000,0,0.0748
PO00045,V0102,2024-05-10,Maintenance,275800,EMP0045,EMP0009,0,0,0,0,EMP0009,Sameer Gupta,Sales,Manager,500000,0,0.5516
PO00046,V0111,2024-09-11,Quality,61100,EMP0012,EMP0029,0,0,0,0,EMP0029,Deepak Chauhan,Admin,Manager,500000,0,0.1222
PO00047,V0112,2025-03-29,HR,154400,EMP0058,EMP0021,0,0,0,0,EMP0021,Ajay Sharma,Admin,Manager,500000,0,0.3088
PO00048,V0087,2024-04-06,IT,23700,EMP0027,EMP0031,0,0,0,0,EMP0031,Anjali Singh,Logistics,Manager,500000,0,0.0474
PO00049,V0094,2024-08-06,Production,138000,EMP0045,EMP0049,0,0,0,0,EMP0049,Deepak Malhotra,HR,Manager,500000,0,0.276
PO00050,V0113,2024-08-10,Production,11800,EMP0001,EMP0046,0,0,0,0,EMP0046,Nikhil Gupta,Quality,Manager,500000,0,0.0236
PO00051,V0075,2024-04-25,Finance,62000,EMP0057,EMP0031,0,0,0,0,EMP0031,Anjali Singh,Logistics,Manager,500000,0,0.124
PO00052,V0024,2024-11-01,Quality,13000,EMP0053,EMP0002,0,0,0,0,EMP0002,Varun Gupta,Production,AVP,3000000,0,0.004333333333333333
PO00053,V0023,2024-12-09,Finance,28100,EMP0045,EMP0056,0,0,0,0,EMP0056,Pooja Iyer,IT,AVP,3000000,0,0.009366666666666667
PO00054,V0004,2025-01-05,Finance,43000,EMP0013,EMP0048,0,0,0,0,EMP0048,Ravi Joshi,Sales,Manager,500000,0,0.086
PO00055,V0015,2024-12-02,Sales,18700,EMP0029,EMP0008,0,0,0,0,EMP0008,Vikram Nair,Production,Senior Manager,1500000,0,0.012466666666666666
PO00056,V0124,2024-06-23,Logistics,15400,EMP0010,EMP0008,0,0,0,0,EMP0008,Vikram Nair,Production,Senior Manager,1500000,0,0.010266666666666667
PO00057,V0003,2024-04-18,IT,41800,EMP0003,EMP0048,0,0,0,0,EMP0048,Ravi Joshi,Sales,Manager,500000,0,0.0836
PO00058,V0114,2024-09-11,IT,125100,EMP0014,EMP0051,0,0,0,0,EMP0051,Vikram Patel,Sales,VP,10000000,0,0.01251
PO00059,V0080,2024-05-08,HR,24400,EMP0022,EMP0051,0,0,0,0,EMP0051,Vikram Patel,Sales,VP,10000000,0,0.00244
PO00060,V0046,2024-10-10,Quality,99600,EMP0010,EMP0035,0,0,0,0,EMP0035,Anil Rao,Maintenance,VP,10000000,0,0.00996
PO00061,V0042,2025-01-06,Production,24500,EMP0044,EMP0036,0,0,0,0,EMP0036,Sanjay Chauhan,Maintenance,Senior Manager,1500000,0,0.01633333333333333
PO00062,V0038,2025-01-30,Sales,59700,EMP0062,EMP0063,0,0,0,0,EMP0063,Rajesh Chauhan,Maintenance,Senior Manager,1500000,0,0.0398
PO00063,V0073,2025-03-27,Procurement,6500,EMP0056,EMP0034,0,0,0,0,EMP0034,Ravi Reddy,HR,AVP,3000000,0,0.0021666666666666666
PO00064,V0058,2025-03-01,Quality,25500,EMP0056,EMP0031,0,0,0,0,EMP0031,Anjali Singh,Logistics,Manager,500000,0,0.051
PO00065,V0121,2024-06-20,Procurement,147800,EMP0013,EMP0049,0,0,0,0,EMP0049,Deepak Malhotra,HR,Manager,500000,0,0.2956
PO00066,V0119,2024-09-17,Maintenance,37900,EMP0025,EMP0036,0,0,0,0,EMP0036,Sanjay Chauhan,Maintenance,Senior Manager,1500000,0,0.025266666666666666
PO00067,V0119,2024-10-27,Admin,20900,EMP0034,EMP0036,0,0,0,0,EMP0036,Sanjay Chauhan,Maintenance,Senior Manager,1500000,0,0.013933333333333334
PO00068,V0095,2025-03-05,IT,78900,EMP0039,EMP0004,0,0,0,0,EMP0004,Sameer Chauhan,Admin,Manager,500000,0,0.1578
PO00069,V0085,2024-07-31,Production,89600,EMP0007,EMP0003,0,0,0,0,EMP0003,Amit Reddy,Procurement,Manager,500000,0,0.1792
PO00070,V0024,2024-10-19,Sales,54700,EMP0063,EMP0002,0,0,0,0,EMP0002,Varun Gupta,Production,AVP,3000000,0,0.018233333333333334
PO00071,V0086,2024-06-18,Procurement,32400,EMP0047,EMP0056,0,0,0,0,EMP0056,Pooja Iyer,IT,AVP,3000000,0,0.0108
PO00072,V0095,2024-04-02,Finance,18100,EMP0012,EMP0004,0,0,0,0,EMP0004,Sameer Chauhan,Admin,Manager,500000,0,0.0362
PO00073,V0122,2024-08-29,Sales,58400,EMP0062,EMP0018,0,0,0,0,EMP0018,Neha Reddy,Sales,Manager,500000,0,0.1168
PO00074,V0101,2024-07-12,Production,18700,EMP0004,EMP0013,0,0,0,0,EMP0013,Kavita Iyer,Quality,Senior Manager,1500000,0,0.012466666666666666
PO00075,V0086,2024-07-15,Quality,46300,EMP0038,EMP0056,0,0,0,0,EMP0056,Pooja Iyer,IT,AVP,3000000,0,0.015433333333333334
PO00076,V0096,2024-05-12,Logistics,160200,EMP0015,EMP0054,0,0,0,0,EMP0054,Deepak Singh,Production,AVP,3000000,0,0.0534
PO00077,V0022,2024-09-05,Finance,61400,EMP0061,EMP0003,0,0,0,0,EMP0003,Amit Reddy,Procurement,Manager,500000,0,0.1228
PO00078,V0005,2024-12-07,IT,81000,EMP0012,EMP0008,0,0,0,0,EMP0008,Vikram Nair,Production,Senior Manager,1500000,0,0.054
PO00079,V0063,2025-02-23,Admin,221700,EMP0050,EMP0010,0,0,0,0,EMP0010,Suresh Singh,IT,Manager,500000,0,0.4434
PO00080,V0109,2024-07-04,HR,33100,EMP0049,EMP0012,0,0,0,0,EMP0012,Arjun Mehta,Production,VP,10000000,0,0.00331
PO00081,V0118,2024-10-07,Quality,69300,EMP0058,EMP0026,0,0,0,0,EMP0026,Priya Rao,Procurement,Senior Manager,1500000,0,0.0462
PO00082,V0035,2024-04-23,IT,144000,EMP0057,EMP0056,0,0,0,0,EMP0056,Pooja Iyer,IT,AVP,3000000,0,0.048
PO00083,V0023,2024-11-25,IT,43900,EMP0029,EMP0056,0,0,0,0,EMP0056,Pooja Iyer,IT,AVP,3000000,0,0.014633333333333333
PO00084,V0056,2024-08-16,Sales,36600,EMP0008,EMP0004,0,0,0,0,EMP0004,Sameer Chauhan,Admin,Manager,500000,0,0.0732
PO00085,V0084,2024-06-17,Production,51100,EMP0011,EMP0008,0,0,0,0,EMP0008,Vikram Nair,Production,Senior Manager,1500000,0,0.03406666666666667
PO00086,V0030,2025-03-09,HR,9400,EMP0053,EMP0009,0,0,0,0,EMP0009,Sameer Gupta,Sales,Manager,500000,0,0.0188
PO00087,V0034,2025-01-27,Maintenance,20300,EMP0008,EMP0044,0,0,0,0,EMP0044,Vivek Verma,Maintenance,AVP,3000000,0,0.0067666666666666665
PO00088,V0043,2024-10-16,Admin,72200,EMP0054,EMP0021,0,0,0,0,EMP0021,Ajay Sharma,Admin,Manager,500000,0,0.1444
PO00089,V0012,2024-12-31,Logistics,22800,EMP0031,EMP0044,0,0,0,0,EMP0044,Vivek Verma,Maintenance,AVP,3000000,0,0.0076
PO00090,V0039,2024-11-30,IT,30900,EMP0011,EMP0044,0,0,0,0,EMP0044,Vivek Verma,Maintenance,AVP,3000000,0,0.0103
PO00091,V0072,2024-10-20,Procurement,42000,EMP0065,EMP0030,0,0,0,0,EMP0030,Manoj Malhotra,Maintenance,Junior Officer,100000,0,0.42
PO00092,V0050,2025-01-18,Admin,147800,EMP0019,EMP0039,0,0,0,0,EMP0039,Rajesh Iyer,Quality,Manager,500000,0,0.2956
PO00093,V0112,2024-06-01,Logistics,201300,EMP0023,EMP0021,0,0,0,0,EMP0021,Ajay Sharma,Admin,Manager,500000,0,0.4026
PO00094,V0098,2024-06-25,Maintenance,52200,EMP0025,EMP0009,0,0,0,0,EMP0009,Sameer Gupta,Sales,Manager,500000,0,0.1044
PO00095,V0097,2024-06-04,Procurement,6700,EMP0055,EMP0034,0,0,0,0,EMP0034,Ravi Reddy,HR,AVP,3000000,0,0.0022333333333333333
PO00096,V0042,2024-05-11,Finance,46800,EMP0026,EMP0036,0,0,0,0,EMP0036,Sanjay Chauhan,Maintenance,Senior Manager,1500000,0,0.0312
PO00097,V0091,2025-02-16,Quality,37100,EMP0034,EMP0026,0,0,0,0,EMP0026,Priya Rao,Procurement,Senior Manager,1500000,0,0.024733333333333333
PO00098,V0053,2024-09-11,Production,48800,EMP0012,EMP0063,0,0,0,0,EMP0063,Rajesh Chauhan,Maintenance,Senior Manager,1500000,0,0.03253333333333333
PO00099,V0055,2024-10-16,Admin,54600,EMP0051,EMP0002,0,0,0,0,EMP0002,Varun Gupta,Production,AVP,3000000,0,0.0182
PO00100,V0053,2025-01-08,HR,8600,EMP0036,EMP0063,0,0,0,0,EMP0063,Rajesh Chauhan,Maintenance,Senior Manager,1500000,0,0.005733333333333333
PO00101,V0029,2024-12-23,Logistics,2600,EMP0002,EMP0056,0,0,0,0,EMP0056,Pooja Iyer,IT,AVP,3000000,0,0.0008666666666666666
PO00102,V0045,2025-03-25,Sales,25800,EMP0054,EMP0010,0,0,0,0,EMP0010,Suresh Singh,IT,Manager,500000,0,0.0516
PO00103,V0064,2024-05-28,Finance,106500,EMP0020,EMP0046,0,0,0,0,EMP0046,Nikhil Gupta,Quality,Manager,500000,0,0.213
PO00104,V0050,2024-06-15,Sales,30200,EMP0013,EMP0039,0,0,0,0,EMP0039,Rajesh Iyer,Quality,Manager,500000,0,0.0604
PO00105,V0025,2024-05-25,Sales,5700,EMP0013,EMP0036,0,0,0,0,EMP0036,Sanjay Chauhan,Maintenance,Senior Manager,1500000,0,0.0038
PO00106,V0025,2024-08-25,Admin,47500,EMP0045,EMP0036,0,0,0,0,EMP0036,Sanjay Chauhan,Maintenance,Senior Manager,1500000,0,0.03166666666666667
PO00107,V0109,2024-10-28,IT,191400,EMP0050,EMP0012,0,0,0,0,EMP0012,Arjun Mehta,Production,VP,10000000,0,0.01914
PO00108,V0114,2025-03-02,Logistics,34000,EMP0061,EMP0051,0,0,0,0,EMP0051,Vikram Patel,Sales,VP,10000000,0,0.0034
PO00109,V0037,2024-04-20,Quality,37500,EMP0036,EMP0004,0,0,0,0,EMP0004,Sameer Chauhan,Admin,Manager,500000,0,0.075
PO00110,V0099,2024-10-24,Quality,197200,EMP0052,EMP0046,0,0,0,0,EMP0046,Nikhil Gupta,Quality,Manager,500000,0,0.3944
PO00111,V0103,2024-04-20,Finance,28000,EMP0043,EMP0008,0,0,0,0,EMP0008,Vikram Nair,Production,Senior Manager,1500000,0,0.018666666666666668
PO00112,V0057,2025-03-20,Maintenance,46700,EMP0007,EMP0026,0,0,0,0,EMP0026,Priya Rao,Procurement,Senior Manager,1500000,0,0.031133333333333332
PO00113,V0122,2024-11-30,IT,101500,EMP0048,EMP0018,0,0,0,0,EMP0018,Neha Reddy,Sales,Manager,500000,0,0.203
PO00114,V0117,2024-04-11,HR,18400,EMP0039,EMP0009,0,0,0,0,EMP0009,Sameer Gupta,Sales,Manager,500000,0,0.0368
PO00115,V0063,2024-09-07,IT,237200,EMP0063,EMP0010,0,0,0,0,EMP0010,Suresh Singh,IT,Manager,500000,0,0.4744
PO00116,V0050,2025-03-23,Production,103600,EMP0030,EMP0039,0,0,0,0,EMP0039,Rajesh Iyer,Quality,Manager,500000,0,0.2072
PO00117,V0004,2024-06-08,IT,45900,EMP0057,EMP0048,0,0,0,0,EMP0048,Ravi Joshi,Sales,Manager,500000,0,0.0918
PO00118,V0097,2024-09-12,IT,53800,EMP0054,EMP0034,0,0,0,0,EMP0034,Ravi Reddy,HR,AVP,3000000,0,0.017933333333333332
PO00119,V0079,2025-02-04,Production,124000,EMP0025,EMP0034,0,0,0,0,EMP0034,Ravi Reddy,HR,AVP,3000000,0,0.04133333333333333
PO00120,V0101,2024-11-13,Maintenance,60400,EMP0053,EMP0013,0,0,0,0,EMP0013,Kavita Iyer,Quality,Senior Manager,1500000,0,0.040266666666666666
PO00121,V0057,2024-12-05,Admin,20000,EMP0048,EMP0026,0,0,0,0,EMP0026,Priya Rao,Procurement,Senior Manager,1500000,0,0.013333333333333334
PO00122,V0055,2024-04-29,Admin,45500,EMP0021,EMP0002,0,0,0,0,EMP0002,Varun Gupta,Production,AVP,3000000,0,0.015166666666666667
PO00123,V0122,2024-05-04,IT,47900,EMP0065,EMP0018,0,0,0,0,EMP0018,Neha Reddy,Sales,Manager,500000,0,0.0958
PO00124,V0103,2024-10-24,Quality,40900,EMP0004,EMP0008,0,0,0,0,EMP0008,Vikram Nair,Production,Senior Manager,1500000,0,0.027266666666666668
PO00125,V0100,2024-06-28,Maintenance,69200,EMP0026,EMP0031,0,0,0,0,EMP0031,Anjali Singh,Logistics,Manager,500000,0,0.1384
PO00126,V0056,2024-04-30,Maintenance,46800,EMP0005,EMP0004,0,0,0,0,EMP0004,Sameer Chauhan,Admin,Manager,500000,0,0.0936
PO00127,V0011,2024-11-20,Procurement,26600,EMP0047,EMP0048,0,0,0,0,EMP0048,Ravi Joshi,Sales,Manager,500000,0,0.0532
PO00128,V0005,2025-03-27,Maintenance,108700,EMP0036,EMP0008,0,0,0,0,EMP0008,Vikram Nair,Production,Senior Manager,1500000,0,0.07246666666666667
PO00129,V0008,2024-10-06,Logistics,3400,EMP0065,EMP0031,0,0,0,0,EMP0031,Anjali Singh,Logistics,Manager,500000,0,0.0068
PO00130,V0110,2024-10-21,Production,13400,EMP0004,EMP0044,0,0,0,0,EMP0044,Vivek Verma,Maintenance,AVP,3000000,0,0.0044666666666666665
PO00131,V0019,2024-08-02,HR,35900,EMP0063,EMP0021,0,0,0,0,EMP0021,Ajay Sharma,Admin,Manager,500000,0,0.0718
PO00132,V0015,2025-01-30,Logistics,39600,EMP0023,EMP0008,0,0,0,0,EMP0008,Vikram Nair,Production,Senior Manager,1500000,0,0.0264
PO00133,V0049,2024-11-29,Sales,9900,EMP0045,EMP0053,0,0,0,0,EMP0053,Manoj Sharma,Admin,AVP,3000000,0,0.0033
PO00134,V0065,2024-09-24,Quality,33400,EMP0034,EMP0026,0,0,0,0,EMP0026,Priya Rao,Procurement,Senior Manager,1500000,0,0.022266666666666667
PO00135,V0043,2025-03-19,Production,33600,EMP0037,EMP0021,0,0,0,0,EMP0021,Ajay Sharma,Admin,Manager,500000,0,0.0672
PO00136,V0130,2024-04-15,Finance,10500,EMP0007,EMP0026,0,0,0,0,EMP0026,Priya Rao,Procurement,Senior Manager,1500000,0,0.007
PO00137,V0046,2024-06-23,Sales,16800,EMP0028,EMP0035,0,0,0,0,EMP0035,Anil Rao,Maintenance,VP,10000000,0,0.00168
PO00138,V0017,2024-07-23,Maintenance,70300,EMP0027,EMP0021,0,0,0,0,EMP0021,Ajay Sharma,Admin,Manager,500000,0,0.1406
PO00139,V0044,2024-08-16,Finance,263300,EMP0003,EMP0049,0,0,0,0,EMP0049,Deepak Malhotra,HR,Manager,500000,0,0.5266
PO00140,V0030,2025-03-16,Procurement,80100,EMP0061,EMP0009,0,0,0,0,EMP0009,Sameer Gupta,Sales,Manager,500000,0,0.1602
PO00141,V0096,2024-06-07,Quality,24400,EMP0002,EMP0054,0,0,0,0,EMP0054,Deepak Singh,Production,AVP,3000000,0,0.008133333333333333
PO00142,V0103,2024-07-24,IT,316200,EMP0040,EMP0008,0,0,0,0,EMP0008,Vikram Nair,Production,Senior Manager,1500000,0,0.2108
PO00143,V0105,2025-03-31,IT,35700,EMP0055,EMP0035,0,0,0,0,EMP0035,Anil Rao,Maintenance,VP,10000000,0,0.00357
PO00144,V0070,2024-10-10,HR,57000,EMP0059,EMP0039,0,0,0,0,EMP0039,Rajesh Iyer,Quality,Manager,500000,0,0.114
PO00145,V0022,2024-08-08,Maintenance,22200,EMP0060,EMP0003,0,0,0,0,EMP0003,Amit Reddy,Procurement,Manager,500000,0,0.0444
PO00146,V0028,2024-09-02,Admin,117400,EMP0051,EMP0035,0,0,0,0,EMP0035,Anil Rao,Maintenance,VP,10000000,0,0.01174
PO00147,V0067,2025-01-25,Production,27900,EMP0001,EMP0035,0,0,0,0,EMP0035,Anil Rao,Maintenance,VP,10000000,0,0.00279
PO00148,V0121,2024-12-18,HR,19000,EMP0037,EMP0049,0,0,0,0,EMP0049,Deepak Malhotra,HR,Manager,500000,0,0.038
PO00149,V0081,2024-08-31,Production,103500,EMP0062,EMP0036,0,0,0,0,EMP0036,Sanjay Chauhan,Maintenance,Senior Manager,1500000,0,0.069
PO00150,V0054,2024-05-03,HR,369900,EMP0036,EMP0008,0,0,0,0,EMP0008,Vikram Nair,Production,Senior Manager,1500000,0,0.2466
PO00151,V0044,2025-02-22,HR,79500,EMP0036,EMP0049,0,0,0,0,EMP0049,Deepak Malhotra,HR,Manager,500000,0,0.159
PO00152,V0128,2024-08-12,IT,170600,EMP0025,EMP0010,0,0,0,0,EMP0010,Suresh Singh,IT,Manager,500000,0,0.3412
PO00153,V0079,2024-06-16,Admin,97400,EMP0031,EMP0034,0,0,0,0,EMP0034,Ravi Reddy,HR,AVP,3000000,0,0.032466666666666665
PO00154,V0046,2024-04-30,Sales,32900,EMP0052,EMP0035,0,0,0,0,EMP0035,Anil Rao,Maintenance,VP,10000000,0,0.00329
PO00155,V0065,2025-03-05,HR,71500,EMP0018,EMP0026,0,0,0,0,EMP0026,Priya Rao,Procurement,Senior Manager,1500000,0,0.04766666666666667
PO00156,V0035,2024-04-14,Logistics,17500,EMP0038,EMP0056,0,0,0,0,EMP0056,Pooja Iyer,IT,AVP,3000000,0,0.005833333333333334
PO00157,V0005,2024-08-11,Finance,30500,EMP0052,EMP0008,0,0,0,0,EMP0008,Vikram Nair,Production,Senior Manager,1500000,0,0.02033333333333333
PO00158,V0075,2024-10-16,Procurement,25500,EMP0025,EMP0031,0,0,0,0,EMP0031,Anjali Singh,Logistics,Manager,500000,0,0.051
PO00159,V0066,2024-09-23,Maintenance,17800,EMP0061,EMP0003,0,0,0,0,EMP0003,Amit Reddy,Procurement,Manager,500000,0,0.0356
PO00160,V0050,2025-03-10,HR,40900,EMP0065,EMP0039,0,0,0,0,EMP0039,Rajesh Iyer,Quality,Manager,500000,0,0.0818
PO00161,V0111,2024-09-01,Quality,65900,EMP0024,EMP0029,0,0,0,0,EMP0029,Deepak Chauhan,Admin,Manager,500000,0,0.1318
PO00162,V0082,2024-08-29,Production,148500,EMP0061,EMP0012,0,0,0,0,EMP0012,Arjun Mehta,Production,VP,10000000,0,0.01485
PO00163,V0086,2024-06-05,IT,170300,EMP0024,EMP0056,0,0,0,0,EMP0056,Pooja Iyer,IT,AVP,3000000,0,0.05676666666666667
PO00164,V0119,2025-03-15,HR,113400,EMP0012,EMP0036,0,0,0,0,EMP0036,Sanjay Chauhan,Maintenance,Senior Manager,1500000,0,0.0756
PO00165,V0123,2024-07-23,HR,125400,EMP0029,EMP0046,0,0,0,0,EMP0046,Nikhil Gupta,Quality,Manager,500000,0,0.2508
PO00166,V0125,2024-09-05,Finance,8700,EMP0043,EMP0035,0,0,0,0,EMP0035,Anil Rao,Maintenance,VP,10000000,0,0.00087
PO00167,V0084,2024-10-08,IT,44600,EMP0038,EMP0008,0,0,0,0,EMP0008,Vikram Nair,Production,Senior Manager,1500000,0,0.029733333333333334
PO00168,V0049,2024-11-24,Production,67500,EMP0061,EMP0053,0,0,0,0,EMP0053,Manoj Sharma,Admin,AVP,3000000,0,0.0225
PO00169,V0013,2024-04-28,Sales,82600,EMP0010,EMP0018,0,0,0,0,EMP0018,Neha Reddy,Sales,Manager,500000,0,0.1652
PO00170,V0061,2024-11-28,Maintenance,6500,EMP0065,EMP0029,0,0,0,0,EMP0029,Deepak Chauhan,Admin,Manager,500000,0,0.013
PO00171,V0024,2024-06-01,Finance,20200,EMP0039,EMP0002,0,0,0,0,EMP0002,Varun Gupta,Production,AVP,3000000,0,0.006733333333333333
PO00172,V0090,2024-10-29,Procurement,47900,EMP0020,EMP0054,0,0,0,0,EMP0054,Deepak Singh,Production,AVP,3000000,0,0.015966666666666667
PO00173,V0058,2024-06-10,Maintenance,11200,EMP0044,EMP0031,0,0,0,0,EMP0031,Anjali Singh,Logistics,Manager,500000,0,0.0224
PO00174,V0060,2024-10-27,Sales,19500,EMP0059,EMP0018,0,0,0,0,EMP0018,Neha Reddy,Sales,Manager,500000,0,0.039
PO00175,V0109,2024-06-13,HR,21900,EMP0024,EMP0012,0,0,0,0,EMP0012,Arjun Mehta,Production,VP,10000000,0,0.00219
PO00176,V0056,2024-05-12,Logistics,56600,EMP0043,EMP0004,0,0,0,0,EMP0004,Sameer Chauhan,Admin,Manager,500000,0,0.1132
PO00177,V0124,2025-02-18,Quality,30200,EMP0041,EMP0008,0,0,0,0,EMP0008,Vikram Nair,Production,Senior Manager,1500000,0,0.020133333333333333
PO00178,V0119,2025-02-19,Procurement,47600,EMP0001,EMP0036,0,0,0,0,EMP0036,Sanjay Chauhan,Maintenance,Senior Manager,1500000,0,0.031733333333333336
PO00179,V0092,2024-11-18,IT,74800,EMP0027,EMP0009,0,0,0,0,EMP0009,Sameer Gupta,Sales,Manager,500000,0,0.1496
PO00180,V0034,2024-06-26,Sales,21500,EMP0021,EMP0044,0,0,0,0,EMP0044,Vivek Verma,Maintenance,AVP,3000000,0,0.007166666666666667
PO00181,V0063,2024-12-07,Production,36800,EMP0017,EMP0010,0,0,0,0,EMP0010,Suresh Singh,IT,Manager,500000,0,0.0736
PO00182,V0019,2025-02-09,Finance,45700,EMP0055,EMP0021,0,0,0,0,EMP0021,Ajay Sharma,Admin,Manager,500000,0,0.0914
PO00183,V0096,2024-10-24,Finance,48400,EMP0062,EMP0054,0,0,0,0,EMP0054,Deepak Singh,Production,AVP,3000000,0,0.016133333333333333
PO00184,V0122,2024-10-14,Procurement,24800,EMP0005,EMP0018,0,0,0,0,EMP0018,Neha Reddy,Sales,Manager,500000,0,0.0496
PO00185,V0093,2024-12-30,Maintenance,114200,EMP0048,EMP0051,0,0,0,0,EMP0051,Vikram Patel,Sales,VP,10000000,0,0.01142
PO00186,V0106,2024-04-08,HR,78400,EMP0025,EMP0049,0,0,0,0,EMP0049,Deepak Malhotra,HR,Manager,500000,0,0.1568
PO00187,V0042,2024-04-10,Procurement,30900,EMP0032,EMP0036,0,0,0,0,EMP0036,Sanjay Chauhan,Maintenance,Senior Manager,1500000,0,0.0206
PO00188,V0040,2024-07-25,HR,52600,EMP0040,EMP0063,0,0,0,0,EMP0063,Rajesh Chauhan,Maintenance,Senior Manager,1500000,0,0.03506666666666667
PO00189,V0019,2024-06-06,Production,24000,EMP0050,EMP0021,0,0,0,0,EMP0021,Ajay Sharma,Admin,Manager,500000,0,0.048
PO00190,V0041,2024-12-14,Sales,15500,EMP0040,EMP0046,0,0,0,0,EMP0046,Nikhil Gupta,Quality,Manager,500000,0,0.031
PO00191,V0082,2024-06-25,Production,71200,EMP0006,EMP0012,0,0,0,0,EMP0012,Arjun Mehta,Production,VP,10000000,0,0.00712
PO00192,V0110,2024-08-31,IT,13300,EMP0059,EMP0044,0,0,0,0,EMP0044,Vivek Verma,Maintenance,AVP,3000000,0,0.004433333333333333
PO00193,V0013,2024-12-23,Sales,56600,EMP0044,EMP0018,0,0,0,0,EMP0018,Neha Reddy,Sales,Manager,500000,0,0.1132
PO00194,V0103,2024-11-09,Quality,14700,EMP0044,EMP0008,0,0,0,0,EMP0008,Vikram Nair,Production,Senior Manager,1500000,0,0.0098
PO00195,V0064,2024-12-07,HR,89900,EMP0025,EMP0046,0,0,0,0,EMP0046,Nikhil Gupta,Quality,Manager,500000,0,0.1798
PO00196,V0047,2024-06-24,Finance,53400,EMP0003,EMP0056,0,0,0,0,EMP0056,Pooja Iyer,IT,AVP,3000000,0,0.0178
PO00197,V0002,2024-07-26,Maintenance,40900,EMP0017,EMP0026,0,0,0,0,EMP0026,Priya Rao,Procurement,Senior Manager,1500000,0,0.027266666666666668
PO00198,V0031,2024-07-18,Procurement,66900,EMP0065,EMP0055,0,0,0,0,EMP0055,Manoj Patel,Quality,Manager,500000,0,0.1338
PO00199,V0097,2024-06-26,Production,14700,EMP0047,EMP0034,0,0,0,0,EMP0034,Ravi Reddy,HR,AVP,3000000,0,0.0049
PO00200,V0118,2025-03-31,Procurement,48000,EMP0049,EMP0026,0,0,0,0,EMP0026,Priya Rao,Procurement,Senior Manager,1500000,0,0.032
PO00201,V0011,2025-02-22,IT,112200,EMP0007,EMP0048,0,0,0,0,EMP0048,Ravi Joshi,Sales,Manager,500000,0,0.2244
PO00202,V0096,2025-01-30,Procurement,116500,EMP0014,EMP0054,0,0,0,0,EMP0054,Deepak Singh,Production,AVP,3000000,0,0.03883333333333333
PO00203,V0060,2025-03-01,Procurement,18100,EMP0007,EMP0018,0,0,0,0,EMP0018,Neha Reddy,Sales,Manager,500000,0,0.0362
PO00204,V0107,2025-03-20,Production,70200,EMP0054,EMP0049,0,0,0,0,EMP0049,Deepak Malhotra,HR,Manager,500000,0,0.1404
PO00205,V0043,2024-11-14,Finance,36800,EMP0016,EMP0021,0,0,0,0,EMP0021,Ajay Sharma,Admin,Manager,500000,0,0.0736
PO00206,V0068,2025-01-06,IT,16800,EMP0061,EMP0003,0,0,0,0,EMP0003,Amit Reddy,Procurement,Manager,500000,0,0.0336
PO00207,V0016,2025-03-26,Quality,32800,EMP0027,EMP0063,0,0,0,0,EMP0063,Rajesh Chauhan,Maintenance,Senior Manager,1500000,0,0.021866666666666666
PO00208,V0079,2025-03-22,Procurement,18700,EMP0039,EMP0034,0,0,0,0,EMP0034,Ravi Reddy,HR,AVP,3000000,0,0.006233333333333333
PO00209,V0124,2024-11-02,Production,138500,EMP0035,EMP0008,0,0,0,0,EMP0008,Vikram Nair,Production,Senior Manager,1500000,0,0.09233333333333334
PO00210,V0084,2025-02-13,Sales,14200,EMP0018,EMP0008,0,0,0,0,EMP0008,Vikram Nair,Production,Senior Manager,1500000,0,0.009466666666666667
PO00211,V0061,2024-11-01,Production,18800,EMP0016,EMP0029,0,0,0,0,EMP0029,Deepak Chauhan,Admin,Manager,500000,0,0.0376
PO00212,V0033,2024-08-23,Production,39100,EMP0014,EMP0009,0,0,0,0,EMP0009,Sameer Gupta,Sales,Manager,500000,0,0.0782
PO00213,V0003,2024-12-11,Maintenance,112200,EMP0026,EMP0048,0,0,0,0,EMP0048,Ravi Joshi,Sales,Manager,500000,0,0.2244
PO00214,V0028,2024-08-13,Admin,95700,EMP0026,EMP0035,0,0,0,0,EMP0035,Anil Rao,Maintenance,VP,10000000,0,0.00957
PO00215,V0122,2024-10-01,Finance,87400,EMP0038,EMP0018,0,0,0,0,EMP0018,Neha Reddy,Sales,Manager,500000,0,0.1748
PO00216,V0109,2024-06-22,Procurement,5400,EMP0064,EMP0012,0,0,0,0,EMP0012,Arjun Mehta,Production,VP,10000000,0,0.00054
PO00217,V0104,2024-07-16,Logistics,101900,EMP0043,EMP0029,0,0,0,0,EMP0029,Deepak Chauhan,Admin,Manager,500000,0,0.2038
PO00218,V0038,2024-07-30,Procurement,29300,EMP0002,EMP0063,0,0,0,0,EMP0063,Rajesh Chauhan,Maintenance,Senior Manager,1500000,0,0.019533333333333333
PO00219,V0058,2025-03-10,Production,60800,EMP0015,EMP0031,0,0,0,0,EMP0031,Anjali Singh,Logistics,Manager,500000,0,0.1216
PO00220,V0070,2025-01-19,Logistics,110400,EMP0020,EMP0039,0,0,0,0,EMP0039,Rajesh Iyer,Quality,Manager,500000,0,0.2208
PO00221,V0092,2024-05-17,Admin,23300,EMP0010,EMP0009,0,0,0,0,EMP0009,Sameer Gupta,Sales,Manager,500000,0,0.0466
PO00222,V0089,2024-05-22,IT,74100,EMP0030,EMP0053,0,0,0,0,EMP0053,Manoj Sharma,Admin,AVP,3000000,0,0.0247
PO00223,V0126,2024-11-20,IT,29300,EMP0034,EMP0009,0,0,0,0,EMP0009,Sameer Gupta,Sales,Manager,500000,0,0.0586
PO00224,V0009,2024-11-24,Procurement,120600,EMP0013,EMP0034,0,0,0,0,EMP0034,Ravi Reddy,HR,AVP,3000000,0,0.0402
PO00225,V0055,2024-06-29,Procurement,110500,EMP0038,EMP0002,0,0,0,0,EMP0002,Varun Gupta,Production,AVP,3000000,0,0.036833333333333336
PO00226,V0130,2024-10-02,HR,36300,EMP0055,EMP0026,0,0,0,0,EMP0026,Priya Rao,Procurement,Senior Manager,1500000,0,0.0242
PO00227,V0106,2024-05-30,Production,34500,EMP0006,EMP0049,0,0,0,0,EMP0049,Deepak Malhotra,HR,Manager,500000,0,0.069
PO00228,V0069,2024-04-05,Quality,45700,EMP0022,EMP0029,0,0,0,0,EMP0029,Deepak Chauhan,Admin,Manager,500000,0,0.0914
PO00229,V0092,2024-09-16,HR,28500,EMP0057,EMP0009,0,0,0,0,EMP0009,Sameer Gupta,Sales,Manager,500000,0,0.057
PO00230,V0018,2025-02-13,IT,4200,EMP0012,EMP0013,0,0,0,0,EMP0013,Kavita Iyer,Quality,Senior Manager,1500000,0,0.0028
PO00231,V0100,2024-10-08,HR,101100,EMP0024,EMP0031,0,0,0,0,EMP0031,Anjali Singh,Logistics,Manager,500000,0,0.2022
PO00232,V0077,2024-05-29,Finance,43700,EMP0052,EMP0004,0,0,0,0,EMP0004,Sameer Chauhan,Admin,Manager,500000,0,0.0874
PO00233,V0125,2024-11-20,IT,457600,EMP0050,EMP0035,0,0,0,0,EMP0035,Anil Rao,Maintenance,VP,10000000,0,0.04576
PO00234,V0114,2025-03-20,Logistics,35900,EMP0054,EMP0051,0,0,0,0,EMP0051,Vikram Patel,Sales,VP,10000000,0,0.00359
PO00235,V0087,2025-02-27,Quality,13500,EMP0015,EMP0031,0,0,0,0,EMP0031,Anjali Singh,Logistics,Manager,500000,0,0.027
PO00236,V0099,2024-06-07,Procurement,11900,EMP0021,EMP0046,0,0,0,0,EMP0046,Nikhil Gupta,Quality,Manager,500000,0,0.0238
PO00237,V0091,2024-05-24,Finance,12000,EMP0062,EMP0026,0,0,0,0,EMP0026,Priya Rao,Procurement,Senior Manager,1500000,0,0.008
PO00238,V0116,2025-01-17,Logistics,133700,EMP0024,EMP0008,0,0,0,0,EMP0008,Vikram Nair,Production,Senior Manager,1500000,0,0.08913333333333333
PO00239,V0049,2025-02-07,Finance,35300,EMP0046,EMP0053,0,0,0,0,EMP0053,Manoj Sharma,Admin,AVP,3000000,0,0.011766666666666667
PO00240,V0081,2025-02-08,Procurement,75800,EMP0017,EMP0036,0,0,0,0,EMP0036,Sanjay Chauhan,Maintenance,Senior Manager,1500000,0,0.05053333333333333
PO00241,V0031,2024-12-04,Logistics,77200,EMP0015,EMP0055,0,0,0,0,EMP0055,Manoj Patel,Quality,Manager,500000,0,0.1544
PO00242,V0032,2024-10-28,Logistics,85100,EMP0006,EMP0056,0,0,0,0,EMP0056,Pooja Iyer,IT,AVP,3000000,0,0.028366666666666665
PO00243,V0097,2024-05-03,IT,142600,EMP0041,EMP0034,0,0,0,0,EMP0034,Ravi Reddy,HR,AVP,3000000,0,0.04753333333333333
PO00244,V0089,2024-04-07,Admin,103900,EMP0029,EMP0053,0,0,0,0,EMP0053,Manoj Sharma,Admin,AVP,3000000,0,0.034633333333333335
PO00245,V0116,2025-03-09,HR,16000,EMP0013,EMP0008,0,0,0,0,EMP0008,Vikram Nair,Production,Senior Manager,1500000,0,0.010666666666666666
PO00246,V0097,2024-11-08,Maintenance,48300,EMP0062,EMP0034,0,0,0,0,EMP0034,Ravi Reddy,HR,AVP,3000000,0,0.0161
PO00247,V0088,2024-09-25,Finance,113100,EMP0020,EMP0026,0,0,0,0,EMP0026,Priya Rao,Procurement,Senior Manager,1500000,0,0.0754
PO00248,V0069,2025-01-11,Sales,132600,EMP0007,EMP0029,0,0,0,0,EMP0029,Deepak Chauhan,Admin,Manager,500000,0,0.2652
PO00249,V0119,2024-04-06,Quality,54400,EMP0065,EMP0036,0,0,0,0,EMP0036,Sanjay Chauhan,Maintenance,Senior Manager,1500000,0,0.03626666666666667
PO00250,V0078,2024-11-27,Logistics,28400,EMP0022,EMP0044,0,0,0,0,EMP0044,Vivek Verma,Maintenance,AVP,3000000,0,0.009466666666666667
PO00251,V0123,2024-05-09,Logistics,23000,EMP0042,EMP0046,0,0,0,0,EMP0046,Nikhil Gupta,Quality,Manager,500000,0,0.046
PO00252,V0073,2024-08-02,HR,326600,EMP0036,EMP0034,0,0,0,0,EMP0034,Ravi Reddy,HR,AVP,3000000,0,0.10886666666666667
PO00253,V0034,2024-04-26,Admin,12100,EMP0029,EMP0044,0,0,0,0,EMP0044,Vivek Verma,Maintenance,AVP,3000000,0,0.004033333333333333
PO00254,V0052,2025-01-07,Finance,118400,EMP0052,EMP0055,0,0,0,0,EMP0055,Manoj Patel,Quality,Manager,500000,0,0.2368
PO00255,V0073,2024-07-30,Production,56300,EMP0059,EMP0034,0,0,0,0,EMP0034,Ravi Reddy,HR,AVP,3000000,0,0.018766666666666668
PO00256,V0069,2024-11-14,Sales,61000,EMP0058,EMP0029,0,0,0,0,EMP0029,Deepak Chauhan,Admin,Manager,500000,0,0.122
PO00257,V0063,2024-05-16,Logistics,45600,EMP0058,EMP0010,0,0,0,0,EMP0010,Suresh Singh,IT,Manager,500000,0,0.0912
PO00258,V0085,2024-09-09,Production,23400,EMP0064,EMP0003,0,0,0,0,EMP0003,Amit Reddy,Procurement,Manager,500000,0,0.0468
PO00259,V0014,2025-03-01,Procurement,63200,EMP0014,EMP0039,0,0,0,0,EMP0039,Rajesh Iyer,Quality,Manager,500000,0,0.1264
PO00260,V0069,2024-10-24,Finance,152500,EMP0005,EMP0029,0,0,0,0,EMP0029,Deepak Chauhan,Admin,Manager,500000,0,0.305
PO00261,V0027,2025-01-11,Admin,634000,EMP0001,EMP0003,0,0,0,0,EMP0003,Amit Reddy,Procurement,Manager,500000,1,1.268
PO00262,V0046,2024-05-17,Sales,248800,EMP0039,EMP0035,0,0,0,0,EMP0035,Anil Rao,Maintenance,VP,10000000,0,0.02488
PO00263,V0124,2024-12-17,Admin,15200,EMP0027,EMP0008,0,0,0,0,EMP0008,Vikram Nair,Production,Senior Manager,1500000,0,0.010133333333333333
PO00264,V0060,2025-03-02,Logistics,8500,EMP0044,EMP0018,0,0,0,0,EMP0018,Neha Reddy,Sales,Manager,500000,0,0.017
PO00265,V0074,2024-10-04,Procurement,23600,EMP0029,EMP0051,0,0,0,0,EMP0051,Vikram Patel,Sales,VP,10000000,0,0.00236
PO00266,V0052,2024-11-19,HR,28200,EMP0061,EMP0055,0,0,0,0,EMP0055,Manoj Patel,Quality,Manager,500000,0,0.0564
PO00267,V0091,2025-03-03,HR,21600,EMP0058,EMP0026,0,0,0,0,EMP0026,Priya Rao,Procurement,Senior Manager,1500000,0,0.0144
PO00268,V0110,2024-05-29,Production,146400,EMP0029,EMP0044,0,0,0,0,EMP0044,Vivek Verma,Maintenance,AVP,3000000,0,0.0488
PO00269,V0023,2024-04-02,HR,182600,EMP0046,EMP0056,0,0,0,0,EMP0056,Pooja Iyer,IT,AVP,3000000,0,0.060866666666666666
PO00270,V0093,2025-02-19,IT,68600,EMP0048,EMP0051,0,0,0,0,EMP0051,Vikram Patel,Sales,VP,10000000,0,0.00686
PO00271,V0055,2025-03-26,Production,126600,EMP0006,EMP0002,0,0,0,0,EMP0002,Varun Gupta,Production,AVP,3000000,0,0.0422
PO00272,V0052,2024-06-24,Logistics,25800,EMP0018,EMP0055,0,0,0,0,EMP0055,Manoj Patel,Quality,Manager,500000,0,0.0516
PO00273,V0057,2024-10-27,Production,17000,EMP0033,EMP0026,0,0,0,0,EMP0026,Priya Rao,Procurement,Senior Manager,1500000,0,0.011333333333333334
PO00274,V0103,2025-02-07,Maintenance,16100,EMP0025,EMP0008,0,0,0,0,EMP0008,Vikram Nair,Production,Senior Manager,1500000,0,0.010733333333333333
PO00275,V0084,2024-06-01,Finance,40500,EMP0028,EMP0008,0,0,0,0,EMP0008,Vikram Nair,Production,Senior Manager,1500000,0,0.027
PO00276,V0124,2024-11-21,Maintenance,8400,EMP0044,EMP0008,0,0,0,0,EMP0008,Vikram Nair,Production,Senior Manager,1500000,0,0.0056
PO00277,V0100,2024-05-26,Finance,119800,EMP0006,EMP0031,0,0,0,0,EMP0031,Anjali Singh,Logistics,Manager,500000,0,0.2396
PO00278,V0113,2025-02-19,Sales,55100,EMP0016,EMP0046,0,0,0,0,EMP0046,Nikhil Gupta,Quality,Manager,500000,0,0.1102
PO00279,V0093,2024-11-17,Logistics,286500,EMP0065,EMP0051,0,0,0,0,EMP0051,Vikram Patel,Sales,VP,10000000,0,0.02865
PO00280,V0002,2024-06-08,Logistics,38300,EMP0001,EMP0026,0,0,0,0,EMP0026,Priya Rao,Procurement,Senior Manager,1500000,0,0.025533333333333335
PO00281,V0122,2024-12-28,Procurement,4800,EMP0056,EMP0018,0,0,0,0,EMP0018,Neha Reddy,Sales,Manager,500000,0,0.0096
PO00282,V0047,2025-01-25,Logistics,77100,EMP0023,EMP0056,0,0,0,0,EMP0056,Pooja Iyer,IT,AVP,3000000,0,0.0257
PO00283,V0067,2025-03-21,Sales,55400,EMP0023,EMP0035,0,0,0,0,EMP0035,Anil Rao,Maintenance,VP,10000000,0,0.00554
PO00284,V0107,2024-06-05,Production,59700,EMP0050,EMP0049,0,0,0,0,EMP0049,Deepak Malhotra,HR,Manager,500000,0,0.1194
PO00285,V0051,2025-03-03,Sales,38200,EMP0042,EMP0054,0,0,0,0,EMP0054,Deepak Singh,Production,AVP,3000000,0,0.012733333333333333
PO00286,V0081,2024-12-15,Finance,228900,EMP0054,EMP0036,0,0,0,0,EMP0036,Sanjay Chauhan,Maintenance,Senior Manager,1500000,0,0.1526
PO00287,V0078,2025-02-06,Maintenance,111200,EMP0036,EMP0044,0,0,0,0,EMP0044,Vivek Verma,Maintenance,AVP,3000000,0,0.037066666666666664
PO00288,V0105,2024-10-21,HR,29700,EMP0038,EMP0035,0,0,0,0,EMP0035,Anil Rao,Maintenance,VP,10000000,0,0.00297
PO00289,V0090,2024-11-18,Quality,38800,EMP0018,EMP0054,0,0,0,0,EMP0054,Deepak Singh,Production,AVP,3000000,0,0.012933333333333333
PO00290,V0051,2024-10-29,Sales,46300,EMP0039,EMP0054,0,0,0,0,EMP0054,Deepak Singh,Production,AVP,3000000,0,0.015433333333333334
PO00291,V0016,2025-03-26,Admin,469600,EMP0041,EMP0063,0,0,0,0,EMP0063,Rajesh Chauhan,Maintenance,Senior Manager,1500000,0,0.31306666666666666
PO00292,V0090,2025-03-31,Admin,31500,EMP0028,EMP0054,0,0,0,0,EMP0054,Deepak Singh,Production,AVP,3000000,0,0.0105
PO00293,V0052,2024-07-12,Maintenance,94000,EMP0038,EMP0055,0,0,0,0,EMP0055,Manoj Patel,Quality,Manager,500000,0,0.188
PO00294,V0082,2025-03-18,HR,60400,EMP0017,EMP0012,0,0,0,0,EMP0012,Arjun Mehta,Production,VP,10000000,0,0.00604
PO00295,V0118,2025-03-30,Quality,64000,EMP0065,EMP0026,0,0,0,0,EMP0026,Priya Rao,Procurement,Senior Manager,1500000,0,0.042666666666666665
PO00296,V0060,2025-01-03,HR,28100,EMP0015,EMP0018,0,0,0,0,EMP0018,Neha Reddy,Sales,Manager,500000,0,0.0562
PO00297,V0095,2024-09-28,Admin,78600,EMP0062,EMP0004,0,0,0,0,EMP0004,Sameer Chauhan,Admin,Manager,500000,0,0.1572
PO00298,V0080,2025-01-24,Sales,28000,EMP0054,EMP0051,0,0,0,0,EMP0051,Vikram Patel,Sales,VP,10000000,0,0.0028
PO00299,V0074,2025-03-12,Admin,9700,EMP0037,EMP0051,0,0,0,0,EMP0051,Vikram Patel,Sales,VP,10000000,0,0.00097
PO00300,V0102,2024-11-03,Procurement,207800,EMP0014,EMP0009,0,0,0,0,EMP0009,Sameer Gupta,Sales,Manager,500000,0,0.4156
PO00301,V0058,2024-04-13,Finance,26000,EMP0019,EMP0031,0,0,0,0,EMP0031,Anjali Singh,Logistics,Manager,500000,0,0.052
PO00302,V0079,2024-04-28,Procurement,59100,EMP0026,EMP0034,0,0,0,0,EMP0034,Ravi Reddy,HR,AVP,3000000,0,0.0197
PO00303,V0059,2024-08-15,Quality,11200,EMP0037,EMP0018,0,0,0,0,EMP0018,Neha Reddy,Sales,Manager,500000,0,0.0224
PO00304,V0018,2025-03-16,IT,30400,EMP0019,EMP0013,0,0,0,0,EMP0013,Kavita Iyer,Quality,Senior Manager,1500000,0,0.020266666666666665
PO00305,V0030,2024-05-02,IT,8400,EMP0027,EMP0009,0,0,0,0,EMP0009,Sameer Gupta,Sales,Manager,500000,0,0.0168
PO00306,V0094,2025-01-03,Procurement,17600,EMP0046,EMP0049,0,0,0,0,EMP0049,Deepak Malhotra,HR,Manager,500000,0,0.0352
PO00307,V0013,2024-11-18,Production,91300,EMP0029,EMP0018,0,0,0,0,EMP0018,Neha Reddy,Sales,Manager,500000,0,0.1826
PO00308,V0108,2025-02-26,Admin,17700,EMP0050,EMP0034,0,0,0,0,EMP0034,Ravi Reddy,HR,AVP,3000000,0,0.0059
PO00309,V0097,2024-07-31,Admin,27400,EMP0037,EMP0034,0,0,0,0,EMP0034,Ravi Reddy,HR,AVP,3000000,0,0.009133333333333334
PO00310,V0016,2025-03-21,Procurement,64300,EMP0049,EMP0063,0,0,0,0,EMP0063,Rajesh Chauhan,Maintenance,Senior Manager,1500000,0,0.042866666666666664
PO00311,V0074,2024-10-16,Finance,42000,EMP0041,EMP0051,0,0,0,0,EMP0051,Vikram Patel,Sales,VP,10000000,0,0.0042
PO00312,V0068,2025-01-08,Procurement,262000,EMP0002,EMP0003,0,0,0,0,EMP0003,Amit Reddy,Procurement,Manager,500000,0,0.524
PO00313,V0032,2024-08-07,Maintenance,105100,EMP0057,EMP0056,0,0,0,0,EMP0056,Pooja Iyer,IT,AVP,3000000,0,0.03503333333333333
PO00314,V0025,2024-07-25,HR,27500,EMP0026,EMP0036,0,0,0,0,EMP0036,Sanjay Chauhan,Maintenance,Senior Manager,1500000,0,0.018333333333333333
PO00315,V0050,2024-07-09,IT,126300,EMP0058,EMP0039,0,0,0,0,EMP0039,Rajesh Iyer,Quality,Manager,500000,0,0.2526
PO00316,V0085,2024-06-30,Production,164100,EMP0024,EMP0003,0,0,0,0,EMP0003,Amit Reddy,Procurement,Manager,500000,0,0.3282
PO00317,V0083,2024-06-28,Admin,15800,EMP0016,EMP0004,0,0,0,0,EMP0004,Sameer Chauhan,Admin,Manager,500000,0,0.0316
PO00318,V0119,2024-10-11,Procurement,207700,EMP0055,EMP0036,0,0,0,0,EMP0036,Sanjay Chauhan,Maintenance,Senior Manager,1500000,0,0.13846666666666665
PO00319,V0032,2024-08-21,Admin,6700,EMP0034,EMP0056,0,0,0,0,EMP0056,Pooja Iyer,IT,AVP,3000000,0,0.0022333333333333333
PO00320,V0073,2024-06-06,Quality,105600,EMP0033,EMP0034,0,0,0,0,EMP0034,Ravi Reddy,HR,AVP,3000000,0,0.0352
PO00321,V0028,2024-04-03,HR,21800,EMP0060,EMP0035,0,0,0,0,EMP0035,Anil Rao,Maintenance,VP,10000000,0,0.00218
PO00322,V0052,2025-03-30,Quality,88000,EMP0006,EMP0055,0,0,0,0,EMP0055,Manoj Patel,Quality,Manager,500000,0,0.176
PO00323,V0010,2024-06-18,HR,141700,EMP0007,EMP0054,0,0,0,0,EMP0054,Deepak Singh,Production,AVP,3000000,0,0.047233333333333336
PO00324,V0022,2025-02-15,Sales,59900,EMP0039,EMP0003,0,0,0,0,EMP0003,Amit Reddy,Procurement,Manager,500000,0,0.1198
PO00325,V0032,2024-12-08,Sales,153500,EMP0046,EMP0056,0,0,0,0,EMP0056,Pooja Iyer,IT,AVP,3000000,0,0.051166666666666666
PO00326,V0034,2024-05-08,HR,190900,EMP0029,EMP0044,0,0,0,0,EMP0044,Vivek Verma,Maintenance,AVP,3000000,0,0.06363333333333333
PO00327,V0124,2024-07-04,Admin,154500,EMP0009,EMP0008,0,0,0,0,EMP0008,Vikram Nair,Production,Senior Manager,1500000,0,0.103
PO00328,V0057,2024-12-15,Quality,83700,EMP0054,EMP0026,0,0,0,0,EMP0026,Priya Rao,Procurement,Senior Manager,1500000,0,0.0558
PO00329,V0001,2025-01-04,Admin,95000,EMP0052,EMP0008,0,0,0,0,EMP0008,Vikram Nair,Production,Senior Manager,1500000,0,0.06333333333333334
PO00330,V0122,2024-05-18,HR,33200,EMP0029,EMP0018,0,0,0,0,EMP0018,Neha Reddy,Sales,Manager,500000,0,0.0664
PO00331,V0033,2024-07-19,HR,29100,EMP0043,EMP0009,0,0,0,0,EMP0009,Sameer Gupta,Sales,Manager,500000,0,0.0582
PO00332,V0002,2024-10-02,IT,123300,EMP0028,EMP0026,0,0,0,0,EMP0026,Priya Rao,Procurement,Senior Manager,1500000,0,0.0822
PO00333,V0089,2025-02-11,Admin,259300,EMP0061,EMP0053,0,0,0,0,EMP0053,Manoj Sharma,Admin,AVP,3000000,0,0.08643333333333333
PO00334,V0072,2025-01-13,Procurement,101800,EMP0015,EMP0030,0,0,0,0,EMP0030,Manoj Malhotra,Maintenance,Junior Officer,100000,1,1.018
PO00335,V0047,2025-03-09,HR,26300,EMP0058,EMP0056,0,0,0,0,EMP0056,Pooja Iyer,IT,AVP,3000000,0,0.008766666666666667
PO00336,V0028,2024-08-02,Sales,42500,EMP0032,EMP0035,0,0,0,0,EMP0035,Anil Rao,Maintenance,VP,10000000,0,0.00425
PO00337,V0097,2024-04-21,HR,106900,EMP0049,EMP0034,0,0,0,0,EMP0034,Ravi Reddy,HR,AVP,3000000,0,0.035633333333333336
PO00338,V0072,2024-05-29,Finance,144800,EMP0033,EMP0030,0,0,0,0,EMP0030,Manoj Malhotra,Maintenance,Junior Officer,100000,1,1.448
PO00339,V0103,2025-01-02,IT,13700,EMP0004,EMP0008,0,0,0,0,EMP0008,Vikram Nair,Production,Senior Manager,1500000,0,0.009133333333333334
PO00340,V0013,2024-12-21,HR,19100,EMP0058,EMP0018,0,0,0,0,EMP0018,Neha Reddy,Sales,Manager,500000,0,0.0382
PO00341,V0005,2024-12-06,Procurement,91800,EMP0038,EMP0008,0,0,0,0,EMP0008,Vikram Nair,Production,Senior Manager,1500000,0,0.0612
PO00342,V0024,2025-02-28,Maintenance,83800,EMP0042,EMP0002,0,0,0,0,EMP0002,Varun Gupta,Production,AVP,3000000,0,0.027933333333333334
PO00343,V0021,2024-12-20,Production,37600,EMP0013,EMP0052,0,0,0,0,EMP0052,Suresh Kapoor,HR,Senior Manager,1500000,0,0.025066666666666668
PO00344,V0022,2024-06-25,Admin,9200,EMP0001,EMP0003,0,0,0,0,EMP0003,Amit Reddy,Procurement,Manager,500000,0,0.0184
PO00345,V0076,2025-02-15,Production,77000,EMP0027,EMP0013,0,0,0,0,EMP0013,Kavita Iyer,Quality,Senior Manager,1500000,0,0.051333333333333335
PO00346,V0008,2025-03-10,Maintenance,51000,EMP0055,EMP0031,0,0,0,0,EMP0031,Anjali Singh,Logistics,Manager,500000,0,0.102
PO00347,V0077,2024-05-24,Maintenance,26500,EMP0056,EMP0004,0,0,0,0,EMP0004,Sameer Chauhan,Admin,Manager,500000,0,0.053
PO00348,V0037,2025-02-26,Production,40100,EMP0020,EMP0004,0,0,0,0,EMP0004,Sameer Chauhan,Admin,Manager,500000,0,0.0802
PO00349,V0099,2024-04-13,Logistics,17700,EMP0043,EMP0046,0,0,0,0,EMP0046,Nikhil Gupta,Quality,Manager,500000,0,0.0354
PO00350,V0118,2024-04-20,Production,36400,EMP0010,EMP0026,0,0,0,0,EMP0026,Priya Rao,Procurement,Senior Manager,1500000,0,0.024266666666666666
PO00351,V0029,2024-04-28,Quality,40900,EMP0033,EMP0056,0,0,0,0,EMP0056,Pooja Iyer,IT,AVP,3000000,0,0.013633333333333334
PO00352,V0111,2025-01-11,Production,61800,EMP0030,EMP0029,0,0,0,0,EMP0029,Deepak Chauhan,Admin,Manager,500000,0,0.1236
PO00353,V0040,2024-08-11,Finance,47400,EMP0050,EMP0063,0,0,0,0,EMP0063,Rajesh Chauhan,Maintenance,Senior Manager,1500000,0,0.0316
PO00354,V0072,2024-11-17,Finance,136600,EMP0056,EMP0030,0,0,0,0,EMP0030,Manoj Malhotra,Maintenance,Junior Officer,100000,1,1.366
PO00355,V0011,2024-09-09,Procurement,84800,EMP0050,EMP0048,0,0,0,0,EMP0048,Ravi Joshi,Sales,Manager,500000,0,0.1696
PO00356,V0125,2025-03-11,Production,135600,EMP0001,EMP0035,0,0,0,0,EMP0035,Anil Rao,Maintenance,VP,10000000,0,0.01356
PO00357,V0095,2025-02-23,Sales,82400,EMP0009,EMP0004,0,0,0,0,EMP0004,Sameer Chauhan,Admin,Manager,500000,0,0.1648
PO00358,V0113,2025-01-25,Procurement,59900,EMP0010,EMP0046,0,0,0,0,EMP0046,Nikhil Gupta,Quality,Manager,500000,0,0.1198
PO00359,V0080,2024-10-01,Admin,29900,EMP0014,EMP0051,0,0,0,0,EMP0051,Vikram Patel,Sales,VP,10000000,0,0.00299
PO00360,V0081,2024-08-27,IT,31500,EMP0012,EMP0036,0,0,0,0,EMP0036,Sanjay Chauhan,Maintenance,Senior Manager,1500000,0,0.021
PO00361,V0119,2024-08-23,Logistics,84500,EMP0049,EMP0036,0,0,0,0,EMP0036,Sanjay Chauhan,Maintenance,Senior Manager,1500000,0,0.05633333333333333
PO00362,V0014,2024-10-20,Procurement,165300,EMP0061,EMP0039,0,0,0,0,EMP0039,Rajesh Iyer,Quality,Manager,500000,0,0.3306
PO00363,V0076,2024-06-20,Admin,29900,EMP0029,EMP0013,0,0,0,0,EMP0013,Kavita Iyer,Quality,Senior Manager,1500000,0,0.019933333333333334
PO00364,V0066,2024-06-09,Finance,33900,EMP0038,EMP0003,0,0,0,0,EMP0003,Amit Reddy,Procurement,Manager,500000,0,0.0678
PO00365,V0015,2025-02-19,Quality,20100,EMP0039,EMP0008,0,0,0,0,EMP0008,Vikram Nair,Production,Senior Manager,1500000,0,0.0134
PO00366,V0076,2025-03-13,HR,14900,EMP0002,EMP0013,0,0,0,0,EMP0013,Kavita Iyer,Quality,Senior Manager,1500000,0,0.009933333333333334
PO00367,V0021,2025-01-09,Admin,27700,EMP0019,EMP0052,0,0,0,0,EMP0052,Suresh Kapoor,HR,Senior Manager,1500000,0,0.018466666666666666
PO00368,V0008,2024-06-03,Procurement,54500,EMP0001,EMP0031,0,0,0,0,EMP0031,Anjali Singh,Logistics,Manager,500000,0,0.109
PO00369,V0020,2025-01-19,Sales,7100,EMP0051,EMP0046,0,0,0,0,EMP0046,Nikhil Gupta,Quality,Manager,500000,0,0.0142
PO00370,V0096,2025-01-01,Admin,70500,EMP0011,EMP0054,0,0,0,0,EMP0054,Deepak Singh,Production,AVP,3000000,0,0.0235
PO00371,V0106,2024-09-04,Maintenance,29500,EMP0045,EMP0049,0,0,0,0,EMP0049,Deepak Malhotra,HR,Manager,500000,0,0.059
PO00372,V0117,2024-07-18,Finance,33600,EMP0019,EMP0009,0,0,0,0,EMP0009,Sameer Gupta,Sales,Manager,500000,0,0.0672
PO00373,V0092,2024-06-22,Quality,72700,EMP0029,EMP0009,0,0,0,0,EMP0009,Sameer Gupta,Sales,Manager,500000,0,0.1454
PO00374,V0068,2025-02-10,IT,8200,EMP0025,EMP0003,0,0,0,0,EMP0003,Amit Reddy,Procurement,Manager,500000,0,0.0164
PO00375,V0045,2024-05-29,Quality,90100,EMP0007,EMP0010,0,0,0,0,EMP0010,Suresh Singh,IT,Manager,500000,0,0.1802
PO00376,V0079,2025-01-07,Logistics,62800,EMP0010,EMP0034,0,0,0,0,EMP0034,Ravi Reddy,HR,AVP,3000000,0,0.020933333333333335
PO00377,V0033,2024-08-27,Production,41400,EMP0033,EMP0009,0,0,0,0,EMP0009,Sameer Gupta,Sales,Manager,500000,0,0.0828
PO00378,V0044,2024-05-21,Maintenance,38200,EMP0063,EMP0049,0,0,0,0,EMP0049,Deepak Malhotra,HR,Manager,500000,0,0.0764
PO00379,V0013,2024-09-17,HR,16300,EMP0017,EMP0018,0,0,0,0,EMP0018,Neha Reddy,Sales,Manager,500000,0,0.0326
PO00380,V0064,2025-03-10,Maintenance,103000,EMP0013,EMP0046,0,0,0,0,EMP0046,Nikhil Gupta,Quality,Manager,500000,0,0.206
PO00381,V0024,2024-08-24,Sales,50000,EMP0009,EMP0002,0,0,0,0,EMP0002,Varun Gupta,Production,AVP,3000000,0,0.016666666666666666
PO00382,V0004,2024-07-09,HR,50200,EMP0063,EMP0048,0,0,0,0,EMP0048,Ravi Joshi,Sales,Manager,500000,0,0.1004
PO00383,V0129,2024-11-17,HR,41300,EMP0040,EMP0055,0,0,0,0,EMP0055,Manoj Patel,Quality,Manager,500000,0,0.0826
PO00384,V0101,2025-03-22,Sales,40800,EMP0020,EMP0013,0,0,0,0,EMP0013,Kavita Iyer,Quality,Senior Manager,1500000,0,0.0272
PO00385,V0049,2025-01-15,Sales,34600,EMP0047,EMP0053,0,0,0,0,EMP0053,Manoj Sharma,Admin,AVP,3000000,0,0.011533333333333333
PO00386,V0065,2024-09-09,Finance,35200,EMP0022,EMP0026,0,0,0,0,EMP0026,Priya Rao,Procurement,Senior Manager,1500000,0,0.023466666666666667
PO00387,V0043,2024-04-03,HR,152900,EMP0032,EMP0021,0,0,0,0,EMP0021,Ajay Sharma,Admin,Manager,500000,0,0.3058
PO00388,V0069,2024-07-23,Finance,38200,EMP0036,EMP0029,0,0,0,0,EMP0029,Deepak Chauhan,Admin,Manager,500000,0,0.0764
PO00389,V0061,2024-10-02,Quality,19000,EMP0043,EMP0029,0,0,0,0,EMP0029,Deepak Chauhan,Admin,Manager,500000,0,0.038
PO00390,V0015,2024-12-02,Logistics,25800,EMP0058,EMP0008,0,0,0,0,EMP0008,Vikram Nair,Production,Senior Manager,1500000,0,0.0172
PO00391,V0115,2024-10-01,IT,121300,EMP0063,EMP0035,0,0,0,0,EMP0035,Anil Rao,Maintenance,VP,10000000,0,0.01213
PO00392,V0094,2025-01-08,Production,12900,EMP0023,EMP0049,0,0,0,0,EMP0049,Deepak Malhotra,HR,Manager,500000,0,0.0258
PO00393,V0121,2025-02-25,Sales,23400,EMP0011,EMP0049,0,0,0,0,EMP0049,Deepak Malhotra,HR,Manager,500000,0,0.0468
PO00394,V0103,2024-08-22,Quality,89800,EMP0026,EMP0008,0,0,0,0,EMP0008,Vikram Nair,Production,Senior Manager,1500000,0,0.059866666666666665
PO00395,V0096,2024-08-13,Production,41100,EMP0010,EMP0054,0,0,0,0,EMP0054,Deepak Singh,Production,AVP,3000000,0,0.0137
PO00396,V0085,2024-04-10,Admin,84900,EMP0004,EMP0003,0,0,0,0,EMP0003,Amit Reddy,Procurement,Manager,500000,0,0.1698
PO00397,V0097,2025-01-23,Sales,33000,EMP0052,EMP0034,0,0,0,0,EMP0034,Ravi Reddy,HR,AVP,3000000,0,0.011
PO00398,V0095,2025-01-28,Maintenance,96700,EMP0005,EMP0004,0,0,0,0,EMP0004,Sameer Chauhan,Admin,Manager,500000,0,0.1934
PO00399,V0029,2025-01-08,IT,29800,EMP0061,EMP0056,0,0,0,0,EMP0056,Pooja Iyer,IT,AVP,3000000,0,0.009933333333333334
PO00400,V0124,2025-03-01,Quality,119900,EMP0047,EMP0008,0,0,0,0,EMP0008,Vikram Nair,Production,Senior Manager,1500000,0,0.07993333333333333
PO00401,V0001,2024-10-18,Maintenance,62300,EMP0038,EMP0008,0,0,0,0,EMP0008,Vikram Nair,Production,Senior Manager,1500000,0,0.04153333333333333
PO00402,V0087,2024-06-08,Logistics,97400,EMP0065,EMP0031,0,0,0,0,EMP0031,Anjali Singh,Logistics,Manager,500000,0,0.1948
PO00403,V0021,2024-12-18,Production,220100,EMP0051,EMP0052,0,0,0,0,EMP0052,Suresh Kapoor,HR,Senior Manager,1500000,0,0.14673333333333333
PO00404,V0074,2024-10-04,Admin,42700,EMP0002,EMP0051,0,0,0,0,EMP0051,Vikram Patel,Sales,VP,10000000,0,0.00427
PO00405,V0017,2025-03-06,Maintenance,138300,EMP0022,EMP0021,0,0,0,0,EMP0021,Ajay Sharma,Admin,Manager,500000,0,0.2766
PO00406,V0046,2024-12-20,Quality,18000,EMP0058,EMP0035,0,0,0,0,EMP0035,Anil Rao,Maintenance,VP,10000000,0,0.0018
PO00407,V0039,2024-06-21,Quality,58400,EMP0019,EMP0044,0,0,0,0,EMP0044,Vivek Verma,Maintenance,AVP,3000000,0,0.019466666666666667
PO00408,V0125,2024-12-04,HR,10600,EMP0006,EMP0035,0,0,0,0,EMP0035,Anil Rao,Maintenance,VP,10000000,0,0.00106
PO00409,V0054,2024-07-22,Logistics,60700,EMP0030,EMP0008,0,0,0,0,EMP0008,Vikram Nair,Production,Senior Manager,1500000,0,0.040466666666666665
PO00410,V0056,2024-05-03,IT,27700,EMP0048,EMP0004,0,0,0,0,EMP0004,Sameer Chauhan,Admin,Manager,500000,0,0.0554
PO00411,V0078,2024-07-29,Procurement,29200,EMP0027,EMP0044,0,0,0,0,EMP0044,Vivek Verma,Maintenance,AVP,3000000,0,0.009733333333333333
PO00412,V0045,2024-12-22,HR,23500,EMP0050,EMP0010,0,0,0,0,EMP0010,Suresh Singh,IT,Manager,500000,0,0.047
PO00413,V0033,2024-11-27,Logistics,241100,EMP0006,EMP0009,0,0,0,0,EMP0009,Sameer Gupta,Sales,Manager,500000,0,0.4822
PO00414,V0067,2024-04-21,HR,49400,EMP0014,EMP0035,0,0,0,0,EMP0035,Anil Rao,Maintenance,VP,10000000,0,0.00494
PO00415,V0113,2025-03-27,Admin,78100,EMP0036,EMP0046,0,0,0,0,EMP0046,Nikhil Gupta,Quality,Manager,500000,0,0.1562
PO00416,V0055,2024-08-13,Sales,444100,EMP0023,EMP0002,0,0,0,0,EMP0002,Varun Gupta,Production,AVP,3000000,0,0.14803333333333332
PO00417,V0113,2024-10-10,Finance,29500,EMP0047,EMP0046,0,0,0,0,EMP0046,Nikhil Gupta,Quality,Manager,500000,0,0.059
PO00418,V0121,2025-01-26,Production,13700,EMP0033,EMP0049,0,0,0,0,EMP0049,Deepak Malhotra,HR,Manager,500000,0,0.0274
PO00419,V0041,2024-10-10,Maintenance,48300,EMP0052,EMP0046,0,0,0,0,EMP0046,Nikhil Gupta,Quality,Manager,500000,0,0.0966
PO00420,V0052,2024-09-28,HR,31700,EMP0063,EMP0055,0,0,0,0,EMP0055,Manoj Patel,Quality,Manager,500000,0,0.0634
PO00421,V0125,2024-12-03,Sales,70900,EMP0001,EMP0035,0,0,0,0,EMP0035,Anil Rao,Maintenance,VP,10000000,0,0.00709
PO00422,V0053,2024-12-13,Quality,4900,EMP0057,EMP0063,0,0,0,0,EMP0063,Rajesh Chauhan,Maintenance,Senior Manager,1500000,0,0.003266666666666667
PO00423,V0039,2024-06-24,Maintenance,32300,EMP0010,EMP0044,0,0,0,0,EMP0044,Vivek Verma,Maintenance,AVP,3000000,0,0.010766666666666667
PO00424,V0109,2024-12-20,IT,56900,EMP0028,EMP0012,0,0,0,0,EMP0012,Arjun Mehta,Production,VP,10000000,0,0.00569
PO00425,V0016,2024-06-16,Quality,25800,EMP0021,EMP0063,0,0,0,0,EMP0063,Rajesh Chauhan,Maintenance,Senior Manager,1500000,0,0.0172
PO00426,V0021,2024-10-03,Sales,15900,EMP0016,EMP0052,0,0,0,0,EMP0052,Suresh Kapoor,HR,Senior Manager,1500000,0,0.0106
PO00427,V0052,2025-03-05,Maintenance,161300,EMP0054,EMP0055,0,0,0,0,EMP0055,Manoj Patel,Quality,Manager,500000,0,0.3226
PO00428,V0129,2024-09-17,Production,44000,EMP0062,EMP0055,0,0,0,0,EMP0055,Manoj Patel,Quality,Manager,500000,0,0.088
PO00429,V0006,2025-03-12,Logistics,219600,EMP0062,EMP0054,0,0,0,0,EMP0054,Deepak Singh,Production,AVP,3000000,0,0.0732
PO00430,V0002,2024-07-17,Sales,328800,EMP0021,EMP0026,0,0,0,0,EMP0026,Priya Rao,Procurement,Senior Manager,1500000,0,0.2192
PO00431,V0021,2025-02-26,Finance,39600,EMP0003,EMP0052,0,0,0,0,EMP0052,Suresh Kapoor,HR,Senior Manager,1500000,0,0.0264
PO00432,V0102,2024-08-03,Procurement,15700,EMP0017,EMP0009,0,0,0,0,EMP0009,Sameer Gupta,Sales,Manager,500000,0,0.0314
PO00433,V0118,2025-01-19,Sales,33400,EMP0021,EMP0026,0,0,0,0,EMP0026,Priya Rao,Procurement,Senior Manager,1500000,0,0.022266666666666667
PO00434,V0107,2024-06-08,Admin,132500,EMP0006,EMP0049,0,0,0,0,EMP0049,Deepak Malhotra,HR,Manager,500000,0,0.265
PO00435,V0026,2025-01-19,Quality,52300,EMP0008,EMP0031,0,0,0,0,EMP0031,Anjali Singh,Logistics,Manager,500000,0,0.1046
PO00436,V0104,2024-06-25,IT,109200,EMP0024,EMP0029,0,0,0,0,EMP0029,Deepak Chauhan,Admin,Manager,500000,0,0.2184
PO00437,V0010,2024-12-21,Finance,281600,EMP0003,EMP0054,0,0,0,0,EMP0054,Deepak Singh,Production,AVP,3000000,0,0.09386666666666667
PO00438,V0049,2025-03-05,IT,45000,EMP0011,EMP0053,0,0,0,0,EMP0053,Manoj Sharma,Admin,AVP,3000000,0,0.015
PO00439,V0096,2024-07-20,Logistics,180900,EMP0061,EMP0054,0,0,0,0,EMP0054,Deepak Singh,Production,AVP,3000000,0,0.0603
PO00440,V0097,2024-12-03,Quality,250800,EMP0029,EMP0034,0,0,0,0,EMP0034,Ravi Reddy,HR,AVP,3000000,0,0.0836
PO00441,V0077,2024-10-28,Sales,57700,EMP0019,EMP0004,0,0,0,0,EMP0004,Sameer Chauhan,Admin,Manager,500000,0,0.1154
PO00442,V0028,2025-01-24,Quality,34400,EMP0034,EMP0035,0,0,0,0,EMP0035,Anil Rao,Maintenance,VP,10000000,0,0.00344
PO00443,V0048,2024-06-25,HR,154100,EMP0059,EMP0063,0,0,0,0,EMP0063,Rajesh Chauhan,Maintenance,Senior Manager,1500000,0,0.10273333333333333
PO00444,V0031,2025-01-31,Sales,35500,EMP0009,EMP0055,0,0,0,0,EMP0055,Manoj Patel,Quality,Manager,500000,0,0.071
PO00445,V0017,2024-07-27,Finance,46500,EMP0050,EMP0021,0,0,0,0,EMP0021,Ajay Sharma,Admin,Manager,500000,0,0.093
PO00446,V0127,2024-06-07,Production,97300,EMP0003,EMP0052,0,0,0,0,EMP0052,Suresh Kapoor,HR,Senior Manager,1500000,0,0.06486666666666667
PO00447,V0027,2024-07-13,Admin,74800,EMP0065,EMP0003,0,0,0,0,EMP0003,Amit Reddy,Procurement,Manager,500000,0,0.1496
PO00448,V0121,2025-03-17,Finance,55100,EMP0020,EMP0049,0,0,0,0,EMP0049,Deepak Malhotra,HR,Manager,500000,0,0.1102
PO00449,V0069,2025-02-05,Production,15200,EMP0023,EMP0029,0,0,0,0,EMP0029,Deepak Chauhan,Admin,Manager,500000,0,0.0304
PO00450,V0098,2024-11-30,Sales,98600,EMP0005,EMP0009,0,0,0,0,EMP0009,Sameer Gupta,Sales,Manager,500000,0,0.1972
PO00451,V0004,2024-12-29,Admin,11700,EMP0016,EMP0048,0,0,0,0,EMP0048,Ravi Joshi,Sales,Manager,500000,0,0.0234
PO00452,V0028,2024-05-18,Logistics,436600,EMP0017,EMP0035,0,0,0,0,EMP0035,Anil Rao,Maintenance,VP,10000000,0,0.04366
PO00453,V0076,2025-02-03,Admin,82000,EMP0001,EMP0013,0,0,0,0,EMP0013,Kavita Iyer,Quality,Senior Manager,1500000,0,0.05466666666666667
PO00454,V0058,2025-03-14,Finance,118700,EMP0054,EMP0031,0,0,0,0,EMP0031,Anjali Singh,Logistics,Manager,500000,0,0.2374
PO00455,V0025,2024-10-07,Procurement,27600,EMP0055,EMP0036,0,0,0,0,EMP0036,Sanjay Chauhan,Maintenance,Senior Manager,1500000,0,0.0184
PO00456,V0092,2024-07-27,Logistics,80500,EMP0049,EMP0009,0,0,0,0,EMP0009,Sameer Gupta,Sales,Manager,500000,0,0.161
PO00457,V0048,2024-09-27,Sales,26800,EMP0013,EMP0063,0,0,0,0,EMP0063,Rajesh Chauhan,Maintenance,Senior Manager,1500000,0,0.017866666666666666
PO00458,V0061,2024-11-04,Quality,91600,EMP0033,EMP0029,0,0,0,0,EMP0029,Deepak Chauhan,Admin,Manager,500000,0,0.1832
PO00459,V0007,2024-12-01,Maintenance,62100,EMP0011,EMP0031,0,0,0,0,EMP0031,Anjali Singh,Logistics,Manager,500000,0,0.1242
PO00460,V0005,2024-08-24,Sales,39000,EMP0053,EMP0008,0,0,0,0,EMP0008,Vikram Nair,Production,Senior Manager,1500000,0,0.026
PO00461,V0048,2024-08-10,Maintenance,194500,EMP0001,EMP0063,0,0,0,0,EMP0063,Rajesh Chauhan,Maintenance,Senior Manager,1500000,0,0.12966666666666668
PO00462,V0003,2025-03-30,Procurement,6600,EMP0016,EMP0048,0,0,0,0,EMP0048,Ravi Joshi,Sales,Manager,500000,0,0.0132
PO00463,V0019,2024-12-23,Procurement,181100,EMP0049,EMP0021,0,0,0,0,EMP0021,Ajay Sharma,Admin,Manager,500000,0,0.3622
PO00464,V0020,2025-03-02,Maintenance,13600,EMP0041,EMP0046,0,0,0,0,EMP0046,Nikhil Gupta,Quality,Manager,500000,0,0.0272
PO00465,V0127,2024-10-27,HR,20800,EMP0014,EMP0052,0,0,0,0,EMP0052,Suresh Kapoor,HR,Senior Manager,1500000,0,0.013866666666666666
PO00466,V0016,2024-06-19,Finance,13000,EMP0033,EMP0063,0,0,0,0,EMP0063,Rajesh Chauhan,Maintenance,Senior Manager,1500000,0,0.008666666666666666
PO00467,V0031,2024-08-12,Admin,17700,EMP0055,EMP0055,0,0,0,0,EMP0055,Manoj Patel,Quality,Manager,500000,0,0.0354
PO00468,V0018,2025-01-15,HR,92400,EMP0036,EMP0013,0,0,0,0,EMP0013,Kavita Iyer,Quality,Senior Manager,1500000,0,0.0616
PO00469,V0018,2025-03-15,Finance,33700,EMP0027,EMP0013,0,0,0,0,EMP0013,Kavita Iyer,Quality,Senior Manager,1500000,0,0.022466666666666666
PO00470,V0079,2024-10-29,Admin,57500,EMP0062,EMP0034,0,0,0,0,EMP0034,Ravi Reddy,HR,AVP,3000000,0,0.019166666666666665
PO00471,V0114,2024-07-01,HR,88200,EMP0062,EMP0051,0,0,0,0,EMP0051,Vikram Patel,Sales,VP,10000000,0,0.00882
PO00472,V0121,2024-08-08,IT,13300,EMP0045,EMP0049,0,0,0,0,EMP0049,Deepak Malhotra,HR,Manager,500000,0,0.0266
PO00473,V0104,2025-03-28,Finance,75200,EMP0018,EMP0029,0,0,0,0,EMP0029,Deepak Chauhan,Admin,Manager,500000,0,0.1504
PO00474,V0052,2025-03-04,Production,88100,EMP0030,EMP0055,0,0,0,0,EMP0055,Manoj Patel,Quality,Manager,500000,0,0.1762
PO00475,V0123,2024-11-15,Quality,6400,EMP0013,EMP0046,0,0,0,0,EMP0046,Nikhil Gupta,Quality,Manager,500000,0,0.0128
PO00476,V0111,2024-07-19,Admin,77900,EMP0052,EMP0029,0,0,0,0,EMP0029,Deepak Chauhan,Admin,Manager,500000,0,0.1558
PO00477,V0126,2024-09-21,Admin,29800,EMP0007,EMP0009,0,0,0,0,EMP0009,Sameer Gupta,Sales,Manager,500000,0,0.0596
PO00478,V0024,2024-06-22,Finance,49400,EMP0001,EMP0002,0,0,0,0,EMP0002,Varun Gupta,Production,AVP,3000000,0,0.016466666666666668
PO00479,V0012,2024-05-17,Quality,18400,EMP0061,EMP0044,0,0,0,0,EMP0044,Vivek Verma,Maintenance,AVP,3000000,0,0.0061333333333333335
PO00480,V0037,2025-02-02,Finance,129100,EMP0012,EMP0004,0,0,0,0,EMP0004,Sameer Chauhan,Admin,Manager,500000,0,0.2582
PO00481,V0129,2024-05-03,IT,176700,EMP0029,EMP0055,0,0,0,0,EMP0055,Manoj Patel,Quality,Manager,500000,0,0.3534
PO00482,V0035,2024-10-07,Production,62000,EMP0005,EMP0056,0,0,0,0,EMP0056,Pooja Iyer,IT,AVP,3000000,0,0.020666666666666667
PO00483,V0121,2024-10-14,Finance,53000,EMP0037,EMP0049,0,0,0,0,EMP0049,Deepak Malhotra,HR,Manager,500000,0,0.106
PO00484,V0055,2025-03-31,Sales,166900,EMP0008,EMP0002,0,0,0,0,EMP0002,Varun Gupta,Production,AVP,3000000,0,0.05563333333333333
PO00485,V0021,2024-06-29,Logistics,48100,EMP0057,EMP0052,0,0,0,0,EMP0052,Suresh Kapoor,HR,Senior Manager,1500000,0,0.03206666666666667
PO00486,V0031,2024-04-06,Maintenance,71200,EMP0037,EMP0055,0,0,0,0,EMP0055,Manoj Patel,Quality,Manager,500000,0,0.1424
PO00487,V0033,2024-07-09,Procurement,6000,EMP0030,EMP0009,0,0,0,0,EMP0009,Sameer Gupta,Sales,Manager,500000,0,0.012
PO00488,V0047,2025-02-09,Quality,44400,EMP0005,EMP0056,0,0,0,0,EMP0056,Pooja Iyer,IT,AVP,3000000,0,0.0148
PO00489,V0059,2024-10-02,Maintenance,31400,EMP0001,EMP0018,0,0,0,0,EMP0018,Neha Reddy,Sales,Manager,500000,0,0.0628
PO00490,V0080,2024-06-20,Production,58700,EMP0036,EMP0051,0,0,0,0,EMP0051,Vikram Patel,Sales,VP,10000000,0,0.00587
PO00491,V0041,2024-10-22,HR,249900,EMP0051,EMP0046,0,0,0,0,EMP0046,Nikhil Gupta,Quality,Manager,500000,0,0.4998
PO00492,V0086,2024-10-25,Sales,17400,EMP0026,EMP0056,0,0,0,0,EMP0056,Pooja Iyer,IT,AVP,3000000,0,0.0058
PO00493,V0098,2024-12-22,Procurement,17700,EMP0009,EMP0009,0,0,0,0,EMP0009,Sameer Gupta,Sales,Manager,500000,0,0.0354
PO00494,V0006,2024-05-17,Admin,82600,EMP0037,EMP0054,0,0,0,0,EMP0054,Deepak Singh,Production,AVP,3000000,0,0.027533333333333333
PO00495,V0119,2025-01-12,Sales,6000,EMP0045,EMP0036,0,0,0,0,EMP0036,Sanjay Chauhan,Maintenance,Senior Manager,1500000,0,0.004
PO00496,V0048,2024-09-25,IT,20400,EMP0029,EMP0063,0,0,0,0,EMP0063,Rajesh Chauhan,Maintenance,Senior Manager,1500000,0,0.0136
PO00497,V0070,2025-02-05,Maintenance,87500,EMP0059,EMP0039,0,0,0,0,EMP0039,Rajesh Iyer,Quality,Manager,500000,0,0.175
PO00498,V0059,2024-10-24,Sales,20000,EMP0001,EMP0018,0,0,0,0,EMP0018,Neha Reddy,Sales,Manager,500000,0,0.04
PO00499,V0044,2024-08-12,Quality,59800,EMP0053,EMP0049,0,0,0,0,EMP0049,Deepak Malhotra,HR,Manager,500000,0,0.1196
PO00500,V0123,2024-12-16,Production,28400,EMP0010,EMP0046,0,0,0,0,EMP0046,Nikhil Gupta,Quality,Manager,500000,0,0.0568
PO00501,V0048,2024-12-14,IT,47000,EMP0044,EMP0063,0,0,0,0,EMP0063,Rajesh Chauhan,Maintenance,Senior Manager,1500000,0,0.03133333333333333
PO00502,V0071,2024-05-30,Admin,33900,EMP0033,EMP0051,0,0,0,0,EMP0051,Vikram Patel,Sales,VP,10000000,0,0.00339
PO00503,V0002,2025-01-01,Sales,76600,EMP0033,EMP0026,0,0,0,0,EMP0026,Priya Rao,Procurement,Senior Manager,1500000,0,0.05106666666666667
PO00504,V0068,2025-03-22,Logistics,85600,EMP0049,EMP0003,0,0,0,0,EMP0003,Amit Reddy,Procurement,Manager,500000,0,0.1712
PO00505,V0003,2025-01-14,Logistics,28100,EMP0032,EMP0048,0,0,0,0,EMP0048,Ravi Joshi,Sales,Manager,500000,0,0.0562
PO00506,V0128,2024-09-21,Logistics,58100,EMP0059,EMP0010,0,0,0,0,EMP0010,Suresh Singh,IT,Manager,500000,0,0.1162
PO00507,V0087,2025-01-26,Procurement,187800,EMP0062,EMP0031,0,0,0,0,EMP0031,Anjali Singh,Logistics,Manager,500000,0,0.3756
PO00508,V0060,2024-05-30,IT,72400,EMP0009,EMP0018,0,0,0,0,EMP0018,Neha Reddy,Sales,Manager,500000,0,0.1448
PO00509,V0098,2024-10-13,Maintenance,329800,EMP0030,EMP0009,0,0,0,0,EMP0009,Sameer Gupta,Sales,Manager,500000,0,0.6596
PO00510,V0029,2024-09-09,Finance,129800,EMP0046,EMP0056,0,0,0,0,EMP0056,Pooja Iyer,IT,AVP,3000000,0,0.04326666666666667
PO00511,V0103,2024-12-21,Admin,14600,EMP0002,EMP0008,0,0,0,0,EMP0008,Vikram Nair,Production,Senior Manager,1500000,0,0.009733333333333333
PO00512,V0065,2025-03-25,IT,15900,EMP0032,EMP0026,0,0,0,0,EMP0026,Priya Rao,Procurement,Senior Manager,1500000,0,0.0106
PO00513,V0028,2024-08-26,Production,46500,EMP0052,EMP0035,0,0,0,0,EMP0035,Anil Rao,Maintenance,VP,10000000,0,0.00465
PO00514,V0084,2025-03-11,HR,18600,EMP0010,EMP0008,0,0,0,0,EMP0008,Vikram Nair,Production,Senior Manager,1500000,0,0.0124
PO00515,V0017,2025-01-09,Quality,34000,EMP0061,EMP0021,0,0,0,0,EMP0021,Ajay Sharma,Admin,Manager,500000,0,0.068
PO00516,V0096,2024-09-08,HR,33800,EMP0028,EMP0054,0,0,0,0,EMP0054,Deepak Singh,Production,AVP,3000000,0,0.011266666666666666
PO00517,V0125,2025-01-19,IT,100700,EMP0024,EMP0035,0,0,0,0,EMP0035,Anil Rao,Maintenance,VP,10000000,0,0.01007
PO00518,V0064,2025-03-16,Maintenance,21800,EMP0064,EMP0046,0,0,0,0,EMP0046,Nikhil Gupta,Quality,Manager,500000,0,0.0436
PO00519,V0059,2024-07-12,Maintenance,86900,EMP0031,EMP0018,0,0,0,0,EMP0018,Neha Reddy,Sales,Manager,500000,0,0.1738
PO00520,V0061,2024-08-14,Maintenance,157000,EMP0030,EMP0029,0,0,0,0,EMP0029,Deepak Chauhan,Admin,Manager,500000,0,0.314
